query,pred,crnl_links
57.105,1,"§ 57.105 Submittal of required plans, proposals, and reports. (a) The failure of a smelter owner ...  Section 57.105  ...|§ 60f. Repealed. Pub. L. 90–57, § 105(i)(2), July 28, 1967, 81 Stat. 144 § 60f  ...|§ 72a–4. Repealed. Pub. L. 90–57, § 105(i)(1), July 28, 1967, 81 Stat. 144 § 72a–4  ...#https://www.law.cornell.edu/cfr/text/7/57.105|https://www.law.cornell.edu/cfr/text/40/57.105|https://www.law.cornell.edu/uscode/text/2/60f"
627.428,1,
207,1,"Stat. 1023; Pub. L. 85–207, § 16, Aug. 28, 1957, 71 Stat. 484.) § 222  ...  § 222. Giving suggestions or information with intent to cause inaccurate enumeration of population ...|§ 571.222 Standard No. 222; School bus passenger seating and crash protection. S1. Scope. This ...  § 571.208 and the requirements of §§ 571.207, 571.209 and 571.210 as they apply to school buses with a gross ...  subjected to either S5.1.3, S5.1.4, S5.1.6, or S5.3 of this standard or § 571.207, § 571.210 or § 571.225. ...|upon issuance of patent, be excluded from the park. (Apr. 19, 1930, ch. 191, § 1, 46 Stat. 222.) § 207  ...  § 207. Exchange of certain lands; adjustment of boundary The Secretary of the Interior is ...  meridian: Provided, That the land acquired by the United States under this section and section 207a of this ...#https://www.law.cornell.edu/uscode/text/16/207a|https://www.law.cornell.edu/uscode/text/13/222|https://www.law.cornell.edu/cfr/text/49/571.222"
3025,1,"3025.7002 Restrictions on clothing, fabrics, and related items. Section 3025.7002  ...|§ 3025. Length of service for promotion purposes (a) General rule Each officer shall be assumed to ...  2002, 116 Stat. 3085.) § 3025  ...|§ 3025.1 Definitions. § 3025.2 Applicability. § 3025.3 Notice by the Postal Service. § 3025 ... .10 Starting an appeal. § 3025.11 Submitting an appeal and other documents. § 3025.12 Duplicate appeals. ...  § 3025.13 Deadlines for appeals. § 3025.14 Participation by others. § 3025.20 The record on review. ...#https://www.law.cornell.edu/cfr/text/48/part-3025/subpart-3025.70|https://www.law.cornell.edu/cfr/text/48/3025.7002|https://www.law.cornell.edu/uscode/text/33/3025"
stop $54 billion merger,0,"standard articulated by  Terry v. Ohio. In this case, the State of Arizona argues that police officers ...  id.   at 16. In  Terry v. Ohio, the  Supreme Court of the United States  ruled that a pat-down search ...  Fourth Amendment consensual encounter frisk search seize Terry v. Ohio In the course of a minor ...|derived from the Supreme Court case Terry v. Ohio, 392 U.S. 1 (1968).  Terry  held that a stop-and-frisk ...  A Reasonable Stop In Rodriguez v. United States, 575 U.S.__ (2015), the Supreme Court held, ""[A] police ...  REASONABLE SEARCH AND SEIZURE search and seizure search Terry v. Ohio exclusionary rule criminal law evidence ...|implicating a constitutional right. In 1939 the U.S. Supreme Court considered the matter in United States v. ...  Principles and Policies 26-28 (2006). Federal Decisions: U.S. Supreme Court: United States v. Miller (1939) ...  District of Columbia v. Heller (2008)   CIVICS civil rights the Constitution wex articles United States ...# 147 Ohio St. 3d 175, 2016-Ohio-1594,https://www.law.cornell.edu/supct/cert/07-1122|https://www.law.cornell.edu/supct/cert/07-1122_0|https://www.law.cornell.edu/wex/stop_and_frisk"
1332(d),1,U.S.C. § 1332 Whether a court can demand proof of the citizenship of an unnamed corporate entity ...|1332.802 Conditions. Subpart 1332.8  ...|1332.501 General. 1332.501-2 Unusual progress payments. Subpart 1332.5  ...#https://www.law.cornell.edu/supct/cert/04-712|https://www.law.cornell.edu/supct/cert/04-712_0|https://www.law.cornell.edu/cfr/text/48/part-1332/subpart-1332.8
149.43,1,"long. 149°43′08″ W.; thence north along long. 149°43′08″ W., to lat. 61°17′30″ N.; thence to lat. ...|Farrell Road and the long. 149°43′08″ W.; thence west along Farrell Road to the east end of Sixmile Lake; ...|1975; Amdt. 121-149, 43 FR 50602, Oct. 30, 1978; Amdt. 121-178, 47 FR 13316, Mar. 29, 1982; Amdt. ...#https://www.law.cornell.edu/cfr/text/14/93.55|https://www.law.cornell.edu/cfr/text/14/93.53|https://www.law.cornell.edu/cfr/text/14/93.65"
542,1,§§ 542 to 546. Omitted §§ 542  ...|542.1107 Contract clause. Subpart 542.11  ...|§ 542. Omitted § 542  ...#https://www.law.cornell.edu/uscode/text/48/542..|https://www.law.cornell.edu/uscode/text/48/542|https://www.law.cornell.edu/cfr/text/48/part-542/subpart-542.11
132a,1,"departments, and the Under Secretaries of Defense. § 132a  ...  Secretary’s capacity as Chief Management Officer of the Department of Defense under section 132 (c) of this ...|§ 901(d), Dec. 23, 2016, 130 Stat. 2342.) § 132a  ...  § 132a. Deputy Chief Management Officer (a) Appointment.— There is a Deputy Chief Management ...  Department of Defense under section 132(c) of this title. (c) Precedence.— The Deputy Chief Management ...|§ 132.6 Application of part 132 requirements in Great Lakes States and Tribes. (a) Effective ...  Lakes System in the States of Indiana, Michigan and Ohio. (d) Effective November 6, 2000, § 132 ...  pursuant to § 132.4(a) through (c) are the criteria and values adopted or developed by New York State ...#https://www.law.cornell.edu/uscode/text/2/132a|https://www.law.cornell.edu/uscode/text/10/132a|https://www.law.cornell.edu/uscode/text/10/132a"
801.05(3),1,
article 78,1,"protect and defend the Constitution of the United States."" Section 2. The President shall be ...  Section 1. The executive power shall be vested in a President of the United States of America. He ...  citizen, or a citizen of the United States, at the time of the adoption of this Constitution, shall be ...|Section 1. The judicial power of the United States, shall be vested in one Supreme Court, and in ...  this Constitution, the laws of the United States, and treaties made, or which shall be made, under ...  Congress may by law have directed. Section 3. Treason against the United States, shall consist only in ...|Article I, Section 8, Clause 11 of the U.S. Constitution grants Congress the power to declare war. ...  of war from Article II, Section 2, which names the President Commander-in-Chief of the armed forces. ...  Merryman, 17 F. Cas. 144 (D. Md.1861). Korematsu v. United States, 323 U.S. 214 (1944). Youngstown Sheet ...# section 17,https://www.law.cornell.edu/constitution/articleiv|https://www.law.cornell.edu/constitution/articleii|https://www.law.cornell.edu/constitution/articleiii"
1.51,1,"§ 1.510 How must I maintain records of my FSVP? (a) General requirements for records. (1) You must ...  are subject to the disclosure requirements under part 20 of this chapter. Section 1.510  ...|§ 1.510 Request for ex parte reexamination. (a) Any person may, at any time during the period of ...  18905, Apr. 16, 2007; 77 FR 46626, Aug. 6, 2012] Section 1.510  ...|by the patent owner under § 1.555 and by an ex parte reexamination requester under either § 1.510 or ...  other than the patent owner, or an ex parte reexamination requester under either § 1.510 or § 1.535, ...#https://www.law.cornell.edu/cfr/text/38/1.510|https://www.law.cornell.edu/cfr/text/21/1.510|https://www.law.cornell.edu/cfr/text/37/1.510"
$54 billion merger,0,#https://www.law.cornell.edu/topn/emergency_price_control_act_of_1942
$54 billion merger district appeals court,0,"Federal Courts Study Act  ...|Judicial Improvements and Access to Justice Act Pub. L. 100-702, Nov. 19, 1988, 102 Stat. 4642  ...|Rules Enabling Act  ...#https://www.law.cornell.edu/topn/court_interpreter_amendments_act_of_1988|https://www.law.cornell.edu/topn/federal_courts_study_act|https://www.law.cornell.edu/topn/judicial_improvements_and_access_to_justice_act"
37(c)(1),1,"Rule 37. Failure to Make Disclosures or to Cooperate in Discovery; Sanctions (a) Motion for an ...  including any of the orders listed in Rule 37(b)(2)(A)(i)–(vi). (2) Failure to Admit. If a party fails to ...  described in Rule 37(d)(1)(A) is not excused on the ground that the discovery sought was objectionable, ...|Rule 37. Indicative Ruling on a Motion for Relief That Is Barred by a Pending Appeal (a) Relief ...  Apr. 23, 2012, eff. Dec. 1, 2012.) Rule 37  ...|Rule 37. [Reserved] ...#https://www.law.cornell.edu/uscode/text/28a/courtrules-1/title-VII/courtrule-37|https://www.law.cornell.edu/uscode/text/28a/courtrules-2/title-V/courtrule-37|https://www.law.cornell.edu/uscode/text/18a/courtrules-1/title-VII/courtrule-37"
41-29-139,1,
1125,1,"§ 229.1125 (Item 1125) Schedule AL- Asset-level information. (a) The following definitions apply ...  manner specified in appendix to § 229.1125. Appendix to § 229.1125- Schedule AL Item 1. Residential ...|§ 1125. Repealed. Pub. L. 85–861, § 36A, Sept. 2, 1958, 72 Stat. 1569 § 1125  ...|§ 1125. Omitted § 1125  ...#https://www.law.cornell.edu/cfr/text/7/part-1125|https://www.law.cornell.edu/cfr/text/17/229.1125|https://www.law.cornell.edu/uscode/text/50/1125"
15 usc 1114,1,"60554) Title 34  ...|33-17-00, 33-18-00, 33-19-00, 34-17-00, 34-18-00, 34-19-00, 37-17-00, 37-18-00, 37-19-00, 38-17-00, ...|§ 34. Transferred § 34  ...#https://www.law.cornell.edu/cfr/text/49/1242.76|https://www.law.cornell.edu/uscode/text/34|https://www.law.cornell.edu/cfr/text/49/1242.32"
87100,1,"[§ 6907. Repealed. Pub. L. 87–100, § 1(1), July 21, 1961, 75 Stat. 218] § 6907  ...|§ 87.100 Conditions on use of funds. § 87.105 Definitions. § 87.110 Certification and disclosure. ...|Subpart A- General (§§ 87.100- 87.110) Subpart B- Activities by Own Employees (§§ 87.200- 87.210) ...#https://www.law.cornell.edu/cfr/text/24/87.100|https://www.law.cornell.edu/uscode/text/10/6907|https://www.law.cornell.edu/cfr/text/24/part-87/subpart-A"
404b,1,"§ 404b. Transferred § 404b  ...|below. § 404b  ...  § 404b. Administration, protection, and development; Federal Power Act inapplicable; minimum area ...|[§ 404. Renumbered § 474] § 404  ...#https://www.law.cornell.edu/uscode/text/37/404b|https://www.law.cornell.edu/uscode/text/50/404b|https://www.law.cornell.edu/uscode/text/16/404b"
713,1,"§§ 713a–1, 713a–2. Repealed. Pub. L. 87–155, § 1, Aug. 17, 1961, 75 Stat. 391 §§ 713a–1, 713a–2  ...|713.106-370 Partner vetting. Subpart 713.1  ...|§ 20.713 Rule 713. Hearings in simultaneously contested claims. (a) General. If a hearing is ...  (Authority: 38 U.S.C. 7105A) Section 20.713  ...#https://www.law.cornell.edu/uscode/text/15/713a%E2%80%931|https://www.law.cornell.edu/uscode/text/15/713a-1|https://www.law.cornell.edu/cfr/text/48/part-713/subpart-713.1"
1104,1,"§ 20.1104 Rule 1104. Finality of determinations of the agency of original jurisdiction affirmed on ...  7104(a)) Section 20.1104  ...|§ 385.1104 Initial petition (Rule 1104). (a) Content. (1) The petition must contain: (i) A full ...  394, 49 FR 35365, Sept. 7, 1984; Order 647, 69 FR 32440, June 10, 2004] Section 385.1104  ...|§ 229.1104 (Item 1104) Sponsors. Provide the following information about the sponsor: (a) State ...  position held. Instruction to Item 1104(g). The disclosure required under this item shall separately state ...  22, 2016] Section 229.1104  ...#https://www.law.cornell.edu/cfr/text/2/part-1104-1124|https://www.law.cornell.edu/cfr/text/38/20.1104|https://www.law.cornell.edu/cfr/text/18/385.1104"
18.2-248,1,"Freedom of Access to Clinic Entrances Act of 1994  ...|§ 18.2-248.1(a)(2) (Supp.1981) and § 18.2-10(e) (1975). This maximum is less than half the sentence Davis received. ...  of the two offenses for which the respondent was convicted. See Va.Code § 18.2-248 ...|80 Colo. 18, 248 P. 1009; Kansas City Light & Power Co. v. Midland Realty Co., 338 Mo. 1141, 93 ...#https://www.law.cornell.edu/supremecourt/text/319/551|https://www.law.cornell.edu/topn/freedom_of_access_to_clinic_entrances_act_of_1994|https://www.law.cornell.edu/supremecourt/text/454/370"
741.3,1,"Part 741-799  ...|Part 741-799  ...|§ 741. Repealed. Pub. L. 88–488, title IV, § 402(a)(3), Aug. 19, 1964, 78 Stat. 492 § 741  ...#https://www.law.cornell.edu/cfr/text/12/741.3|https://www.law.cornell.edu/cfr/text/21/part-741-799|https://www.law.cornell.edu/cfr/text/18/part-741-799"
12(b)(5),1,"30 373b 25 15, 18 373b 43 4, 30 373c 25 15, 18 373c 43 4, 30 374 25 15, 18 374 43 4, 30 375 25 16 ...|minors. Conn.Gen.Stat. § 53a-196b (1981); Va.Code § 18.2-374.1 (1982). Twelve States prohibit only the use ...#https://www.law.cornell.edu/cfr/text/40/52.970|https://www.law.cornell.edu/node/6190275|https://www.law.cornell.edu/supremecourt/text/458/747%26amp"
90,1,"§ 690i. Omitted § 690i  ...|§ 690h. “Person” defined As used in sections 690 to 690i of this title the term “person” includes ...  450.) § 690h  ...|§ 690g. Violation of laws and regulations; penalties Any person who shall violate or fail to ...  comply with any provision of, or any regulation made pursuant to sections 690d to 690i of this title ...  § 690g  ...#https://www.law.cornell.edu/uscode/text/16/690|https://www.law.cornell.edu/uscode/text/16/690i|https://www.law.cornell.edu/uscode/text/16/690h"
26,1,"§§ 226d, 226e. Omitted § 226d, 226e  ...|§ 226. “Federal Reserve Act” The short title of the Act of December 23, 1913, ch. 6, 38 Stat. 251, ...  shall be the “Federal Reserve Act.” (Dec. 23, 1913, ch. 6, § 1 (par.), 38 Stat. 251.) § 226  ...|§ 226. Powers of Interstate Commerce Commission unaffected Nothing in this chapter shall affect ...  15, 1921, ch. 64, title IV, § 406(a), 42 Stat. 169.) § 226  ...#https://www.law.cornell.edu/cfr/text/48/part-226/subpart-226.70|https://www.law.cornell.edu/uscode/text/30/226d|https://www.law.cornell.edu/uscode/text/12/226"
768.28,1,
3122,1,"§ 312.2 [Reserved] Section 312.2  ...|§ 3122. Definitions In this chapter: (1) Comprehensive economic development strategy The term ...  Stat. 3599; amended Pub. L. 108–373, title I, § 102, Oct. 27, 2004, 118 Stat. 1758.) § 3122  ...|§ 3122. Research The Secretary, in cooperation with the State and other appropriate Federal ...  and organizations. (Pub. L. 96–487, title VIII, § 812, Dec. 2, 1980, 94 Stat. 2428.) § 3122  ...#https://www.law.cornell.edu/uscode/text/7/3122|https://www.law.cornell.edu/cfr/text/31/312.2|https://www.law.cornell.edu/uscode/text/42/3122"
3217,1,§§ 3211 to 3217. Omitted §§ 3211 to 3217  ...|§ 321.7 [Reserved] Section 321.7  ...|§ 3217.10 What are unit agreements? § 3217.11 What are communitization agreements? § 3217.12 What ...  does BLM need to approve my communitization agreement? § 3217.13 When does my communitization agreement ...  go into effect? § 3217.14 When will BLM approve my drilling or development contract? § 3217.15 What ...#https://www.law.cornell.edu/uscode/text/20/3211|https://www.law.cornell.edu/uscode/text/20/3211|https://www.law.cornell.edu/cfr/text/44/321.7
12(B)(6),1,"30 373b 25 15, 18 373b 43 4, 30 373c 25 15, 18 373c 43 4, 30 374 25 15, 18 374 43 4, 30 375 25 16 ...|minors. Conn.Gen.Stat. § 53a-196b (1981); Va.Code § 18.2-374.1 (1982). Twelve States prohibit only the use ...#https://www.law.cornell.edu/cfr/text/40/52.970|https://www.law.cornell.edu/node/6190275|https://www.law.cornell.edu/supremecourt/text/458/747%26amp"
39-17-417,1,
2802,1,"Subpart 2802.1- Definitions (§ 2802.101) Authority: 28 U.S.C. 510; 40 U.S.C. 486(c); 28 CFR ...  0.75(j) and 28 CFR 0.76(j). Part 2802  ...|2802.101 Definitions. Throughout this chapter, the following words and terms are used as defined ...  2802.101  ...|§ 2802. Definitions For the purposes of this chapter, the term— (1) “ Administrator ” means the ...  preceding the semicolon probably should not appear. § 2802  ...#https://www.law.cornell.edu/cfr/text/48/part-2802/subpart-2802.1|https://www.law.cornell.edu/cfr/text/48/part-2802|https://www.law.cornell.edu/cfr/text/48/2802.101"
section 24-8-804. Hearsay rule exceptions; declarant unavailable,1,"§ 1000.30 May a Tribe/Consortium be selected to negotiate an AFA under section 403(b)(2) without ...  having or negotiating an AFA under section 403(b)(1)? Yes, a Tribe/Consortium may be selected to ...  negotiate an AFA under section 403(b)(2) without having or negotiating an AFA under section 403(b)(1). ...|construction programs or activities included in an AFA under section 403(c) of the Act? Yes, the relevant ...  conditions set forth in the AFA. Section 1000.247  ...|fishing allowance allocated to the inshore component under section 206(b)(1) of the AFA. (a) Definition. ...  AFA. Loan means the loan authorized by section 207(a) of the AFA. Net delivery value means the delivery ...  used in this subpart have the following meanings: American Fisheries Act (AFA) means Title II of Pub.L. ...#https://www.law.cornell.edu/cfr/text/25/1000.31|https://www.law.cornell.edu/cfr/text/25/1000.30|https://www.law.cornell.edu/cfr/text/25/1000.247"
558,1,"§ 558. Authorization of appropriations There are hereby authorized to be appropriated such sums, ...   So in original. The comma probably should not appear. § 558  ...|§ 558. Library, records, etc., of Department The Secretary of Labor shall have charge in the ...  Stat. 738.) § 558  ...|§ 558. Income tax deferment Notwithstanding any other provision of law, a Federal income tax ...  Stat. 2939; Pub. L. 100–26, § 8(c), Apr. 21, 1987, 101 Stat. 285.) § 558  ...#https://www.law.cornell.edu/uscode/text/16/558|https://www.law.cornell.edu/uscode/text/30/558|https://www.law.cornell.edu/uscode/text/29/558"
1027,1,§§ 1027.600-1027.670 [Reserved] Subpart F  ...|§ 1027.100 Definitions. Subpart A  ...|§ 1027.400 General. § 1027.410 Recordkeeping. Subpart D  ...#https://www.law.cornell.edu/uscode/text/30/1027|https://www.law.cornell.edu/cfr/text/31/part-1027/subpart-F|https://www.law.cornell.edu/cfr/text/31/part-1027/subpart-A
13-5,1,"§§ 1357, 1358. Omitted §§ 1357, 1358  ...|§§ 1357, 1358. Omitted §§ 1357, 1358  ...|§§ 1357, 1358. Omitted §§ 1357, 1358  ...#https://www.law.cornell.edu/uscode/text/48/1357|https://www.law.cornell.edu/uscode/text/48/1357|https://www.law.cornell.edu/uscode/text/48/1357"
chapter 13,1,§ 921 to 923- Omitted Chapter 15  ...|§ 2801- Imposition of tax Chapter 15  ...|714p) Chapter 15  ...#https://www.law.cornell.edu/uscode/text/12/chapter-15|https://www.law.cornell.edu/uscode/text/16/chapter-15|https://www.law.cornell.edu/uscode/text/26/subtitle-B/chapter-15
chapter 86,1,§ 921 to 923- Omitted Chapter 15  ...|§ 2801- Imposition of tax Chapter 15  ...|714p) Chapter 15  ...#https://www.law.cornell.edu/uscode/text/12/chapter-15|https://www.law.cornell.edu/uscode/text/16/chapter-15|https://www.law.cornell.edu/uscode/text/26/subtitle-B/chapter-15
90.803,1,"18 U.S.C. § 1382 First Amendment Military Installation public easement Trespass Can 18 U.S.C. ...  was convicted of violating 18 U.S.C. § 1382, which prohibits the reentry of persons barred from ...  Whether 18 U.S.C. § 1382, which prohibits a person from reentering a military installation after ...|§ 90.801 Applicability. § 90.802 Definitions. § 90.803 Emission defect information report. ...|§ 90.801 900 MHz SMR spectrum subject to competitive bidding. §§ 90.802-90.803 [Reserved] § 90.804 ...#https://www.law.cornell.edu/cfr/text/40/90.803|https://www.law.cornell.edu/supct/cert/12-1038|https://www.law.cornell.edu/cfr/text/40/part-90/subpart-I"
Rule 23,1,"§ 170. American Television and Radio Archives (a) Establishment and maintenance in Library of ...  90 Stat. 2601.) § 170  ...|§ 170.1 To which farmers markets does this rule apply? This rule applies only to the USDA Farmers ...  Section 170.1  ...|§ 170.1 Purpose. The regulations in this part set out fees charged for licensing services, ...  2016] Section 170.1  ...#https://www.law.cornell.edu/uscode/text/23/170|https://www.law.cornell.edu/uscode/text/2/170|https://www.law.cornell.edu/cfr/text/7/170.1"
20,1,"[§ 1209. Renumbered §§ 1205 and 1206] § 1209  ...|§ 1209. Applicability of Federal labor laws (a) Employee-management relations shall, to the extent ...  91–375, Aug. 12, 1970, 84 Stat. 737.) § 1209  ...|duty determination required for response to sexual assault Chapter 1209  ...#https://www.law.cornell.edu/uscode/text/45/1209|https://www.law.cornell.edu/uscode/text/5/1209|https://www.law.cornell.edu/uscode/text/39/1209"
35-38-1-17,1,
WCL Section 29,0,"13283-01-7 Tungsten chloride (WCl 6), (OC-6-11)- 1/6/05 3/7/05 13472-45-2 Tungstate (WO 4 2-), disodium, ...|13283-01-7 Tungsten chloride (WCl 6), (OC-6-11)- 1/6/05 3/7/05 13472-45-2 Tungstate (WO 4 2-), disodium, ...#https://www.law.cornell.edu/cfr/text/23/appendix-A_to_part_658|https://www.law.cornell.edu/cfr/text/40/712.30|https://www.law.cornell.edu/cfr/text/40/712.30"
404(b),1,"§ 404. Establishment of an advisory committee; composition and appointment The Secretary of the ...  § 404  ...|§ 404. Notice of copyright: Contributions to collective works (a) A separate contribution to ...  § 7(d), Oct. 31, 1988, 102 Stat. 2858.) § 404  ...|§ 404. High-visibility enforcement program (a) In General.— The Secretary shall establish and ...  Stat. 1543; Pub. L. 114–94, div. A, title IV, § 4004(a), Dec. 4, 2015, 129 Stat. 1500.) § 404  ...#https://www.law.cornell.edu/uscode/text/37/404|https://www.law.cornell.edu/uscode/text/30/404|https://www.law.cornell.edu/uscode/text/17/404"
16-13-2,1,
59,1,§ 459. Transferred § 459  ...|§ 459a–4. Omitted § 459a–4  ...|§ 459e–8. Omitted § 459e–8  ...#https://www.law.cornell.edu/cfr/text/14/part-441-459|https://www.law.cornell.edu/uscode/text/25/459|https://www.law.cornell.edu/uscode/text/16/459a-4
18.2-186.3,1,
18.2-308,1,
rule 4:1,1,of Advisory Committee on Rules—1946 Amendment The third sentence of Rule 68 has been altered to make ...  language of Rule 68 has been amended as part of the general restyling of the Civil Rules to make them more ...  intended to be stylistic only. Committee Notes on Rules—2009 Amendment Former Rule 68 allowed service of an ...|Rule 68 F.R.Civ.P. applies in adversary proceedings. References in Text The Federal Rules of Civil ...|Proceedings Against a Surety Rule 66. Receivers Rule 67. Deposit into Court Rule 68. Offer of Judgment Rule ...#https://www.law.cornell.edu/uscode/text/28a/courtrules-2/title-VIII/courtrule-68|https://www.law.cornell.edu/rules/frcp/rule_68|https://www.law.cornell.edu/rules/frbp/rule_7068
American Jurisprudence 2d (AMJUR),0,"Syllabus AMERICAN TRUCKING ASSOCIATIONS, INC. v. CITY OF LOS ANGELES, CALIFORNIA, () 660 F. 3d ...  STATES Syllabus AMERICAN TRUCKING ASSOCIATIONS, INC. v. CITY OF LOS ANGELES, CALIFORNIA, et al. ...  11–798_________________ AMERICAN TRUCKING ASSOCIATIONS, INC.,PETITIONER v. CITY OF LOS ANGELES,CALIFORNIA, et al. on writ ...|11–798_________________ AMERICAN TRUCKING ASSOCIATIONS, INC.,PETITIONER v. CITY OF LOS ANGELES,CALIFORNIA, et al. on writ ...  TRUCKING ASSOCIATIONS, INC. v. CITY OF LOS ANGELES, CALIFORNIA, et al. certiorari to the united states ...  Syllabus AMERICAN TRUCKING ASSNS., INC. v. LOS ANGELES () 660 F. 3d 384, reversed in part and ...|177 U.S. 558 (20 S.Ct. 736, 44 L.Ed. 886) CITY OF LOS ANGELES, Herman Silver, Z. D. Matthuss, et ...  al., Appts., v. LOS ANGELES CITY WATER COMPANY, Crystal Springs Land & Water Company, and S. G. ...  of an ordinance of the city of Los Angeles, adopted February 23, 1897, fixing the water rates to be ...#https://www.law.cornell.edu/supct/cert/11-798|https://www.law.cornell.edu/supremecourt/text/15-66|https://www.law.cornell.edu/supremecourt/text/11-798"
u.s. justice department amd 11 states sued,0,"criminal law Sixth Amendment Fifth Amendment criminal fines environmental law March 19, 2012 Oral ...  CRIMINAL FINES, FIFTH AMENDMENT, SIXTH AMENDMENT, ENVIRONMENT, CRIMINAL LAW In 2004, local youths broke ...  not the criminal fines that are at issue here. The decision in this case has implications for ...|criminal fines Fifth Amendment Sixth Amendment ENVIRONMENT criminal law When the court imposes ...  a criminal fine, do the principles of  Apprendi v. New Jersey, 530 U.S. 466 (2000) apply, requiring that the ...  applicable because it dealt with deprivations of life and liberty interests, not the criminal fines that are ...|because the sentencing court may consider mitigating factors such as a prior criminal history in ...  criminal law sentencing PRISON FELONY How should sentencing courts determine whether a defendant ...  Career Criminal Act? April 26, 2016 United States Court of Appeals for the Eighth Circuit The Supreme ...#https://www.law.cornell.edu/wex/seduction|https://www.law.cornell.edu/supct/cert/11-94|https://www.law.cornell.edu/supct/cert/11-94_0"
u.s. justice department and 11 states sued,0,"criminal law Sixth Amendment Fifth Amendment criminal fines environmental law March 19, 2012 Oral ...  CRIMINAL FINES, FIFTH AMENDMENT, SIXTH AMENDMENT, ENVIRONMENT, CRIMINAL LAW In 2004, local youths broke ...  not the criminal fines that are at issue here. The decision in this case has implications for ...|criminal fines Fifth Amendment Sixth Amendment ENVIRONMENT criminal law When the court imposes ...  a criminal fine, do the principles of  Apprendi v. New Jersey, 530 U.S. 466 (2000) apply, requiring that the ...  applicable because it dealt with deprivations of life and liberty interests, not the criminal fines that are ...|because the sentencing court may consider mitigating factors such as a prior criminal history in ...  criminal law sentencing PRISON FELONY How should sentencing courts determine whether a defendant ...  Career Criminal Act? April 26, 2016 United States Court of Appeals for the Eighth Circuit The Supreme ...#https://www.law.cornell.edu/wex/seduction|https://www.law.cornell.edu/supct/cert/11-94|https://www.law.cornell.edu/supct/cert/11-94_0"
52.1,1,"§ 52.17 Contents of applications; technical information. (a) For applications submitted before ...  required by § 52.17(c) effective on the date of docketing. (d) Each applicant for an early site permit ...  Dec. 12, 2013] Section 52.17  ...|§ 52.17 Forms of certificates. Inspection certificates, certificates of sampling or loading, and ...  Section 52.17  ...|§ 301-52.17 Within how many calendar days after I submit a proper travel claim must my agency ...  2000] Section 301-52.17  ...#https://www.law.cornell.edu/cfr/text/40/52.17|https://www.law.cornell.edu/cfr/text/10/52.17|https://www.law.cornell.edu/cfr/text/7/52.17"
301.91,1,"§ 301.91-4 Conditions governing the interstate movement of regulated articles from regulated areas ...  issued and attached in accordance with §§ 301.91-5 and 301.91-8 of this subpart; or (b) Without ...  been maintained. Section 301.91-4  ...|§ 301.91-1 Definitions. Terms used in the singular form in this subpart shall be construed as the ...  eligible for interstate movement in accordance with § 301.91-5(a). Compliance agreement. A written ...  article is eligible for interstate movement in accordance with § 301.91-5(b). Moved (movement, move). ...|§ 301.91-2 Regulated articles. The following are regulated articles: (a) Logs, pulpwood, branches, ...  means of conveyance is subject to the restrictions in the quarantine and regulations. Section 301.91-2  ...#https://www.law.cornell.edu/cfr/text/7/301.91-9|https://www.law.cornell.edu/cfr/text/7/301.91-4|https://www.law.cornell.edu/cfr/text/7/301.91-1"
18702.2,1,
12(g),1,"30 373b 25 15, 18 373b 43 4, 30 373c 25 15, 18 373c 43 4, 30 374 25 15, 18 374 43 4, 30 375 25 16 ...|minors. Conn.Gen.Stat. § 53a-196b (1981); Va.Code § 18.2-374.1 (1982). Twelve States prohibit only the use ...#https://www.law.cornell.edu/cfr/text/40/52.970|https://www.law.cornell.edu/node/6190275|https://www.law.cornell.edu/supremecourt/text/458/747%26amp"
2C:24-4,1,"Petitioner 46; see also Tr. of Oral Arg. 23:10–12; 24:13–25:2, 25:24–26:3. Again, the record does not support ...#https://www.law.cornell.edu/cfr/text/40/appendix-A_to_part_272|https://www.law.cornell.edu/supremecourt/text/14-981"
3.104(a),1,§ 3.104 Secretarial actions. (a) Actions in response to certification submissions for initial and ...  effective date and time of listing or delisting. Section 3.104  ...|§ 3.104 Space requirements. (a) General. Marine mammals must be housed in primary enclosures that ...  2001] Section 3.104  ...|3.104 Procurement integrity. Section 3.104  ...#https://www.law.cornell.edu/cfr/text/38/3.104|https://www.law.cornell.edu/cfr/text/42/3.104|https://www.law.cornell.edu/cfr/text/9/3.104
341(h)(7),1,"§ 341. Power to grant rights-of-way not affected Nothing in this act shall be so construed as to ...  391.) § 341  ...|Part 341-349  ...|§ 341. Repealed. Aug. 9, 1955, ch. 656, title III, § 307, 69 Stat. 589 § 341  ...#https://www.law.cornell.edu/uscode/text/48/341|https://www.law.cornell.edu/uscode/text/25/341|https://www.law.cornell.edu/cfr/text/24/part-341-349"
5G,1,"37-37.6 GHz Band- Shared coordinated service. § 30.8 5G Provider cybersecurity statement requirements. ...|the Inspectorate of Labor having jurisdiction over the work site, in accordance with Article 5g of ...|section 505(a) of the Gramm-Leach-Bliley Act (15 U.S.C. 6805(a)) and section 5g of the Commodity Exchange ...#https://www.law.cornell.edu/cfr/text/47/30.8|https://www.law.cornell.edu/cfr/text/47/part-30/subpart-A|https://www.law.cornell.edu/cfr/text/48/252.222-7003"
1.14,1,§ 1.140 Conferences and procedure. § 1.141 Procedure for hearing. § 1.142 Post-hearing procedure. § 1.143 ...|content A = 1.140 × 10 −7 for forgings A = 1.561 × 10 −7 for plates A = 1.417 × 10 −7 for welds B = 102.3 ...|a 50-cent piece or 1.140 in 2 (7.355 cm 2) 50 Area intermediate 30 Area smaller than the size of a 25-cent ...#https://www.law.cornell.edu/cfr/text/7/1.140|https://www.law.cornell.edu/cfr/text/7/part-1/subpart-H|https://www.law.cornell.edu/cfr/text/10/50.61a
rule 3.7,1,§ 230.430C Prospectus in a registration statement pertaining to an offering other than pursuant to ...  Rule 430A or Rule 430B after the effective date. (a) In offerings made other than in reliance on Rule ...  430B (§ 230.430B) or Rule 430D (§ 230.430D) and other than for prospectuses filed in reliance on Rule ...|[§ 430. Renumbered § 490] § 430  ...|430.201 Contract requirements. 430.201-5 Waiver. 430.202 Disclosure requirements. 430 ... .202-2 Impracticality of submission. 430.202-8 Subcontractor Disclosure Statements. Subpart 430.2  ...#https://www.law.cornell.edu/cfr/text/9/430.4|https://www.law.cornell.edu/cfr/text/17/230.430C|https://www.law.cornell.edu/uscode/text/37/430
15(a),1,"has been in foster care under the responsibility of the State for 15 of the most recent 22 months, or, ...|has been in foster care under the responsibility of the State for 15 of the most recent 22 months, or, ...#https://www.law.cornell.edu/cfr/text/45/1356.21|https://www.law.cornell.edu/uscode/text/42/675|https://www.law.cornell.edu/uscode/text/42/675"
1692g,1,
rule 42,1,of Advisory Committee on Rules—1946 Amendment The third sentence of Rule 68 has been altered to make ...  language of Rule 68 has been amended as part of the general restyling of the Civil Rules to make them more ...  intended to be stylistic only. Committee Notes on Rules—2009 Amendment Former Rule 68 allowed service of an ...|Rule 68 F.R.Civ.P. applies in adversary proceedings. References in Text The Federal Rules of Civil ...|Proceedings Against a Surety Rule 66. Receivers Rule 67. Deposit into Court Rule 68. Offer of Judgment Rule ...#https://www.law.cornell.edu/uscode/text/28a/courtrules-2/title-VIII/courtrule-68|https://www.law.cornell.edu/rules/frcp/rule_68|https://www.law.cornell.edu/rules/frbp/rule_7068
njre 803c(6),0,
people v harris ad2d 887,0,"M. DAY, Administrator Ad Litem of the Estate of Charles A. DePriest. No. 397. Argued: March 26, 1959. ...  same neighborhood; they, in fact, constitute almost a separate family of people, discussing their ...  employees. Such an informed understanding depends, of course, on the freedom people have to applaud or to ...|346 U.S. 156 (73 S.Ct. 1077, 97 L.Ed. 1522) STEIN v. PEOPLE OF STATE OF NEW YORK. WISSNER v. ...  PEOPLE OF STATE OF NEW YORK. COOPER v. PEOPLE OF STATE OF NEW YORK. Nos. 391, 392 and 393. Argued: Dec. ...  People v. Mummiani, 258 N.Y. 394, 403, 180 N.E. 94, 97, 98. Although, even within this range, the Court ...|§ 404.284 Recomputations for people who reach age 62, or become disabled, or die before age 62 ...  cost-of-living or ad hoc increases in primary insurance amounts that have become effective since you reached age ...  computed to be $429.20 (based on average monthly wages of $502) in June 1978 in §§ 404.220 through 404.222, ...#https://www.law.cornell.edu/supct/cert/05-5966_0|https://www.law.cornell.edu/supremecourt/text/360/548|https://www.law.cornell.edu/supremecourt/text/346/156"
1.35,1,"§ 1.351 Rules of evidence. Except as otherwise provided in this subpart, the rules of evidence ...  doing. Section 1.351  ...|Attendance of witness; disobedience. Subject Group 164 Evidence (§§ 1.351- 1.364) § 1.351 Rules of evidence. ...|Amendment of Rules (§§ 1.351- 1.352) § 1.351 Amendments to rules will be published. § 1.352 [Reserved] ...#https://www.law.cornell.edu/cfr/text/37/1.351|https://www.law.cornell.edu/cfr/text/47/1.351|https://www.law.cornell.edu/cfr/text/47/part-1/subpart-B"
1094.6,1,
5101,1,"§ 5101. Allotment of land on Indian reservations On and after June 18, 1934, no land of any Indian ...  984.) § 5101  ...|§ 5101. Repealed. Pub. L. 103–149, § 4(a)(1), Nov. 23, 1993, 107 Stat. 1504 § 5101  ...|§ 5101. Employment of administrative assistants for Speaker and House Majority and Minority ...  § 201(c), 60 Stat. 834.) § 5101  ...#https://www.law.cornell.edu/cfr/text/5/5101.102|https://www.law.cornell.edu/uscode/text/25/5101|https://www.law.cornell.edu/uscode/text/22/5101"
42 U.S.C. 1983,1,Chapter 45  ...|MULTILATERAL CLEARING ORGANIZATIONS (§ 4421) Chapter 45  ...|§ 45. Preference to Indians qualified for duties In all cases of the appointments of interpreters ...  § 2069.) § 45  ...#https://www.law.cornell.edu/uscode/text/45|https://www.law.cornell.edu/uscode/text/42/chapter-45|https://www.law.cornell.edu/uscode/text/12/chapter-45
20-107.3,1,
35-50-2-8,1,
No. 337-TA-794,0,"The aunt appealed her conviction, claiming that if she had been cruel it bore no relation to dowry. ...  purpose of Section 498(a) was to combat dowry-related death and cruelty. Because there was no evidence ...  v. State Rep. by D.S.P. Supreme Court [India] Domestic Case Law India 626  ...|STATES. NO 151. SAME v. SAME NO 152. SAME v. SAME. NO 154. SAME v. SAME. NO 155. SAME v. SAME. NO 156. ...  L. ed. 639, 643, 18 Sup. Ct. Rep. 274; Towson v. Moore, 173 U. S. 17, 24, 43 L. ed. 597, 600, 19 Sup. ...  Ct. Rep. 332; Texas & P. R. Co. v. Railroad Commission, 232 U. S. 338, 339, 58 L. ed. 630, 34 Sup. ...|federalism Equal Education Opportunities Act No Child Left Behind English language learner ...  22, 2008) EQUAL EDUCATION OPPORTUNITIES ACT, NO CHILD LEFT BEHIND, ENGLISH LANGUAGE LEARNERS, ...  question, whether the court should define ""appropriate action"" using the No Child Left Behind Act ...#https://www.law.cornell.edu/women-and-justice/resource/viswanathan_v_state_rep_by_inspector_of_police|https://www.law.cornell.edu/women-and-justice/resource/noorjahan_v_state_rep_by_dsp|https://www.law.cornell.edu/supremecourt/text/236/397"
not admissible evidence under FRE 1006,0,§ 766.103 Special Assessment invoices. (a) DOE shall issue annually a Special Assessment invoice ...  766.103  ...|§ 766.100 Scope. § 766.101 Data utilization. § 766.102 Calculation methodology. § 766.103 Special ...|application requirements. § 766.103 Borrower does not respond or does not submit a complete application. ...#https://www.law.cornell.edu/cfr/text/7/766.103|https://www.law.cornell.edu/cfr/text/10/766.103|https://www.law.cornell.edu/cfr/text/10/part-766/subpart-B
2.4,1,"§ 32.43 Appointment and assignment of Hearing Officers. (a) Pursuant to 42 U.S.C. 3787 (employment ...  FR 29234, May 20, 2013] Section 32.43  ...|§ 32.43 Mississippi. The following refuge units have been opened for hunting and/or fishing, and ...|§ 32.41 Scope of subpart. § 32.42 Time for filing request for determination. § 32.43 Appointment ...#https://www.law.cornell.edu/cfr/text/32/32.43|https://www.law.cornell.edu/cfr/text/28/32.43|https://www.law.cornell.edu/cfr/text/50/32.43"
69,1,§ 1692. Transferred § 1692  ...|§ 73.1692 [Reserved] Section 73.1692  ...|§ 1692. Comprehensive annual financial report by chief executives of governments of the Marshall ...  112 Stat. 3291.) § 1692  ...#https://www.law.cornell.edu/cfr/text/29/part-1692-1699|https://www.law.cornell.edu/uscode/text/7/1692|https://www.law.cornell.edu/cfr/text/47/73.1692
308,1,"§ 308. Cooperation with Federal and State agencies and foreign countries (a) Authorized ...  579.) § 308  ...|§ 308. Disbursing officer; deputy disbursing officer; certifying officers and employees (a) The ...  2014, 128 Stat. 2537, 2538.) § 308  ...|§ 308. Authorization of appropriations There is authorized to be appropriated to the Federal ...  Stat. 67.) § 308  ...#https://www.law.cornell.edu/uscode/text/32/308|https://www.law.cornell.edu/uscode/text/23/308|https://www.law.cornell.edu/uscode/text/44/308"
1202,1,1202.7000 General. Subpart 1202.70  ...|Part 1202-1299  ...|Part 1202-1219  ...#https://www.law.cornell.edu/cfr/text/48/part-1202/subpart-1202.1|https://www.law.cornell.edu/cfr/text/48/part-1202/subpart-1202.70|https://www.law.cornell.edu/cfr/text/2/part-1202-1299
2117.06,1,
93.002(e),1,
18.2-374.3,1,
19-9-3,1,"[§§ 4533 to 4535. Repealed. Pub. L. 103–160, div. A, title VIII, § 823(3)–(5), Nov. 30, 1993, 107 ...  Stat. 1707] §§ 4533 to 4535  ...|[§§ 4533 to 4535. Repealed. Pub. L. 103–160, div. A, title VIII, § 823(3)–(5), Nov. 30, 1993, 107 ...  Stat. 1707] §§ 4533 to 4535  ...|[§§ 4533 to 4535. Repealed. Pub. L. 103–160, div. A, title VIII, § 823(3)–(5), Nov. 30, 1993, 107 ...  Stat. 1707] §§ 4533 to 4535  ...#https://www.law.cornell.edu/uscode/text/10/4533|https://www.law.cornell.edu/uscode/text/10/4533|https://www.law.cornell.edu/uscode/text/10/4533"
362(k),1,"§ 362. Injury to signposts and filling up or fouling water supply Whoever shall willfully or ...  518.) § 362  ...|§ 362. Duties and powers of Board (a) Witnesses; subpenas, service, fees, etc. For the purpose of ...  title VII, §§ 7101(e), 7104(d), (e), Nov. 10, 1988, 102 Stat. 3758, 3772.) § 362  ...|§ 362. Other provisions and rules not affected Except as expressly provided in this chapter, ...  2002, 116 Stat. 1854.) § 362  ...#https://www.law.cornell.edu/uscode/text/2/362|https://www.law.cornell.edu/uscode/text/43/362|https://www.law.cornell.edu/uscode/text/45/362"
22,1,"§§ 4221 to 4228. Repealed. Pub. L. 102–555, § 4, Oct. 28, 1992, 106 Stat. 4166 §§ 4221 to 4228  ...|§§ 4221 to 4228. Repealed. Pub. L. 102–555, § 4, Oct. 28, 1992, 106 Stat. 4166 §§ 4221 to 4228  ...|§§ 4221 to 4228. Repealed. Pub. L. 102–555, § 4, Oct. 28, 1992, 106 Stat. 4166 §§ 4221 to 4228  ...#https://www.law.cornell.edu/uscode/text/12/4228|https://www.law.cornell.edu/uscode/text/15/4221|https://www.law.cornell.edu/uscode/text/15/4221"
316.193,1,#https://www.law.cornell.edu/supremecourt/text/03-583
4903.8,1,"§ 4903. Functions of Committee The Committee shall advise the Secretary of Commerce, as ...  V, § 5403, Aug. 23, 1988, 102 Stat. 1464.) § 4903  ...|§ 4903. Education of other minors who are Senate employees The facilities provided for the ...  110 Stat. 1735.) § 4903  ...|§ 4903. Issuance of plans To effectuate the declared policy of this chapter, the Secretary shall, ...  2261.) § 4903  ...#https://www.law.cornell.edu/cfr/text/29/4903.8|https://www.law.cornell.edu/uscode/text/15/4903|https://www.law.cornell.edu/uscode/text/2/4903"
3.104(a),1,§ 3.104 Secretarial actions. (a) Actions in response to certification submissions for initial and ...  effective date and time of listing or delisting. Section 3.104  ...|§ 3.104 Space requirements. (a) General. Marine mammals must be housed in primary enclosures that ...  2001] Section 3.104  ...|3.104 Procurement integrity. Section 3.104  ...#https://www.law.cornell.edu/cfr/text/38/3.104|https://www.law.cornell.edu/cfr/text/42/3.104|https://www.law.cornell.edu/cfr/text/9/3.104
1332(d),1,U.S.C. § 1332 Whether a court can demand proof of the citizenship of an unnamed corporate entity ...|1332.802 Conditions. Subpart 1332.8  ...|1332.501 General. 1332.501-2 Unusual progress payments. Subpart 1332.5  ...#https://www.law.cornell.edu/supct/cert/04-712|https://www.law.cornell.edu/supct/cert/04-712_0|https://www.law.cornell.edu/cfr/text/48/part-1332/subpart-1332.8
5500.5,1,
rule 59 motion for new trial clear weight of the evidence,0,of Advisory Committee on Rules—1946 Amendment The third sentence of Rule 68 has been altered to make ...  language of Rule 68 has been amended as part of the general restyling of the Civil Rules to make them more ...  intended to be stylistic only. Committee Notes on Rules—2009 Amendment Former Rule 68 allowed service of an ...|Rule 68 F.R.Civ.P. applies in adversary proceedings. References in Text The Federal Rules of Civil ...|Proceedings Against a Surety Rule 66. Receivers Rule 67. Deposit into Court Rule 68. Offer of Judgment Rule ...#https://www.law.cornell.edu/uscode/text/28a/courtrules-2/title-VIII/courtrule-68|https://www.law.cornell.edu/rules/frcp/rule_68|https://www.law.cornell.edu/rules/frbp/rule_7068
VTL 511,1,"§ 3.707 Dependents' educational assistance. (a) Child. The conditions applicable to the bar ...  to payment of pension, compensation or dependency and indemnity compensation for a child concurrently ...  dependency and indemnity compensation to a spouse concurrently with educational assistance allowance under 38 ...|§ 70708. Compensation and travel expenses (a) Compensation.— Each member of a Commission may be ...  member is engaged in the actual performance of the duties of the Commission. (b) Travel Expenses.— While ...  members of a Commission shall be allowed travel expenses, including per diem in lieu of subsistence, in ...|§ 39.707 Which student transportation expenses are currently not eligible for Student ...  Transportation Funding? (a) The following transportation expenses are currently not eligible for transportation ...  special classes; and (5) Extra-curricular activities such as arts and crafts. Section 39.707  ...#https://www.law.cornell.edu/uscode/text/11/707|https://www.law.cornell.edu/cfr/text/38/3.707|https://www.law.cornell.edu/uscode/text/51/70708"
150,1,1505.202 Exceptions. 1505.203 Publicizing and response time. 1505.271 [Reserved] Subpart 1505.2  ...|Part 1505-1507  ...|§ 20.1505 Rule 1505. Review of initial benefits claim decision. If a participant files a Notice of ...  501(a)) Section 20.1505  ...#https://www.law.cornell.edu/cfr/text/48/part-1505/subpart-1505.5|https://www.law.cornell.edu/cfr/text/48/part-1505/subpart-1505.2|https://www.law.cornell.edu/cfr/text/12/part-1505-1507
1012,1,"§ 229.1012 (Item 1012) The solicitation or recommendation. (a) Solicitation or recommendation. ...  authority for. State the reasons for the intended action. Instruction to Item 1012(d): Provide the ...  support of or opposed to the transaction and the reasons for the recommendation. Section 229.1012  ...|§ 1012. Repealed. Pub. L. 89–551, § 1(9), Sept. 1, 1966, 80 Stat. 375 § 1012  ...|§ 1012. Publications and reports Within 45 days after May 30, 1980, the Board shall publish, and ...  below. § 1012  ...#https://www.law.cornell.edu/cfr/text/18/385.1012|https://www.law.cornell.edu/cfr/text/17/229.1012|https://www.law.cornell.edu/uscode/text/33/1012"
Proposition 65,0,"§ 104. Numbering of sections; single proposition Each section shall be numbered, and shall ...  contain, as nearly as may be, a single proposition of enactment. (July 30, 1947, ch. 388, 61 Stat. 634.) ...|Proposition 8, which added language to the California Constitution that defined marriage as a union between ...  a man and a woman. In May 2009, a California District Court ruled that Proposition 8 violated the Equal ...  addition to considering whether the proponents of Proposition 8 have standing to bring suit in federal ...|(No. 14,694) (CC Va. 1807); cf. Youngstown Sheet & Tube Co. v. Sawyer, 343 U.S. 579 (1952). [n36 ...#https://www.law.cornell.edu/supct/cert/13-1314|https://www.law.cornell.edu/uscode/text/1/104|https://www.law.cornell.edu/supct/cert/12-144"
rule 26,1,"§ 1.7874-1T Disregard of affiliate-owned stock (temporary). (a) through (c)(2)(ii) [Reserved] For ...  further guidance, see § 1.7874-1(a) through (c)(2)(ii). (iii) Special rule. If § 1.7874-6T(c)(2) applies ...  for purposes of applying section 7874(c)(2)(A) and § 1.7874-1, then, for purposes of § 1.7874 ...|§ 1.7874-5T Effect of certain transfers of stock related to the acquisition (temporary). (a) ...  General rule. Stock of a foreign corporation that is described in section 7874(a)(2)(B)(ii) shall not ...  (within the meaning of § 1.7874-2(b)(2)) or former partner (within the meaning of § 1.7874-2(b)(3)) that ...|§ 1.7874-5 Effect of certain transfers of stock related to the acquisition. (a) General rule. ...  Stock of a foreign acquiring corporation that is described in section 7874(a)(2)(B)(ii) shall not cease ...  Analysis. Under § 1.7874-2(f)(1), the 100 shares of FA stock received by Individual A are stock of a foreign ...#https://www.law.cornell.edu/uscode/text/26/7874|https://www.law.cornell.edu/cfr/text/26/1.7874-1T|https://www.law.cornell.edu/cfr/text/26/1.7874-5T"
Sole source,0,"219.808-1 Sole source. For sole source requirements processed under the PA, follow the procedures ...|18.115 HUBZone sole source awards. Contracts may be awarded to Historically Underutilized Business ...  Zone (HUBZone) small business concerns on a sole source basis. (See 19.1306.) [71 FR 38248, July 5, ...|1513.170-1 Contents of sole source justifications. The program office submitting the procurement ...  request must submit, as a separate attachment, a brief written statement in support of sole source ...  cite the authority in FAR 6.302-7, the public interest may be used as a basis to support a sole source ...#https://www.law.cornell.edu/cfr/text/48/1513.170|https://www.law.cornell.edu/cfr/text/48/219.808-1|https://www.law.cornell.edu/cfr/text/48/18.115"
14,1,"Slaughterhouse Cases Due Process   Substantive Due Process Right of Privacy: Personal Autonomy Territorial ...  States; nor shall any state deprive any person of life, liberty, or property, without due process of law; ...  Amendment XIV Section 1. All persons born or naturalized in the United States, and subject to the ...|http://law2.umkc.edu/faculty/projects/ftrials/conlaw/powers13th14th15th.htm http://www.heritage.org/constitution/#!/amendments/14/essays/170/due-process ...  treated like other citizens of the state. Due Process Clause The Fifth and Fourteenth Amendments both ...  contain a Due Process Clause, although the Fourteenth Amendment applies explicitly to the states. The ...|Sixth Amendment Fourteenth Amendment SPEEDY TRIAL CLAUSE due process Does the Sixth Amendment ...  a constitutional right to be sentenced without unreasonable delay under the Due Process Clause of the Fourteenth ...  Amendment's Due Process Clause is the more appropriate avenue for protection at the sentencing phase. See ...#https://www.law.cornell.edu/wex/personal_autonomy|https://www.law.cornell.edu/constitution/amendmentxiv|https://www.law.cornell.edu/wex/fourteenth_amendment_0"
